"Product;""ASIN"";""SKU"";""Units"";""Refunds"";""Sales"";""Promo"";""Ads"";""Sponsored products (PPC)"";""Sponsored Display"";""Sponsored brands (HSA)"";""Sponsored Brands Video"";""Google ads"";""Facebook ads"";""% Refunds"";""Sellable Quota"";""Refund —Åost"";""Amazon fees"";""Cost of Goods"";""Shipping"";""Gross profit"";""Net profit"";""Estimated payout"";""Expenses"";""Margin"";""ROI"";""BSR"";""Real ACOS"";""Sessions"";""Unit Session Percentage""",Date
"09""",2025-07-01
,2025-07-01
,2025-07-01
,2025-07-01
,2025-07-01
,2025-07-01
,2025-07-01
,2025-07-01
,2025-07-01
,2025-07-01
,2025-07-01
,2025-07-01
,2025-07-01
,2025-07-01
,2025-07-01
,2025-07-01
,2025-07-01
,2025-07-01
,2025-07-01
,2025-07-01
,2025-07-01
,2025-07-01
,2025-07-01
,2025-07-01
,2025-07-01
,2025-07-01
,2025-07-01
,2025-07-01
,2025-07-01
,2025-07-01
,2025-07-01
,2025-07-01
,2025-07-01
,2025-07-01
,2025-07-01
,2025-07-01
,2025-07-01
,2025-07-01
,2025-07-01
,2025-07-01
,2025-07-01
,2025-07-01
,2025-07-01
,2025-07-01
,2025-07-01
,2025-07-01
,2025-07-01
,2025-07-01
,2025-07-01
,2025-07-01
,2025-07-01
,2025-07-01
,2025-07-01
,2025-07-01
,2025-07-01
,2025-07-01
,2025-07-01
,2025-07-01
,2025-07-01
,2025-07-01
,2025-07-01
,2025-07-01
,2025-07-01
,2025-07-01
,2025-07-01
,2025-07-01
,2025-07-01
,2025-07-01
,2025-07-01
,2025-07-01
,2025-07-01
,2025-07-01
,2025-07-01
,2025-07-01
,2025-07-01
,2025-07-01
,2025-07-01
,2025-07-01
,2025-07-01
,2025-07-01
,2025-07-01
,2025-07-01
,2025-07-01
,2025-07-01
,2025-07-01
,2025-07-01
,2025-07-01
,2025-07-01
,2025-07-01
,2025-07-01
,2025-07-01
,2025-07-01
,2025-07-01
,2025-07-01
,2025-07-01
,2025-07-01
,2025-07-01
,2025-07-01
,2025-07-01
,2025-07-01
,2025-07-01
,2025-07-01
,2025-07-01
,2025-07-01
,2025-07-01
,2025-07-01
,2025-07-01
,2025-07-01
,2025-07-01
,2025-07-01
,2025-07-01
,2025-07-01
,2025-07-01
,2025-07-01
,2025-07-01
,2025-07-01
,2025-07-01
,2025-07-01
,2025-07-01
,2025-07-01
,2025-07-01
,2025-07-01
,2025-07-01
,2025-07-01
,2025-07-01
,2025-07-01
,2025-07-01
,2025-07-01
,2025-07-01
,2025-07-01
,2025-07-01
,2025-07-01
,2025-07-01
,2025-07-01
,2025-07-01
,2025-07-01
,2025-07-01
,2025-07-01
,2025-07-01
,2025-07-01
,2025-07-01
,2025-07-01
,2025-07-01
,2025-07-01
,2025-07-01
,2025-07-01
,2025-07-01
,2025-07-01
,2025-07-01
,2025-07-01
,2025-07-01
,2025-07-01
,2025-07-01
,2025-07-01
,2025-07-01
,2025-07-01
,2025-07-01
,2025-07-01
,2025-07-01
,2025-07-01
,2025-07-01
,2025-07-01
,2025-07-01
,2025-07-01
,2025-07-01
,2025-07-01
,2025-07-01
,2025-07-01
,2025-07-01
,2025-07-01
,2025-07-01
,2025-07-01
,2025-07-01
,2025-07-01
,2025-07-01
,2025-07-01
,2025-07-01
,2025-07-01
,2025-07-01
,2025-07-01
,2025-07-01
,2025-07-01
,2025-07-01
,2025-07-01
,2025-07-01
,2025-07-01
,2025-07-01
,2025-07-01
,2025-07-01
,2025-07-01
,2025-07-01
,2025-07-01
,2025-07-01
,2025-07-01
,2025-07-01
,2025-07-01
,2025-07-01
,2025-07-01
,2025-07-01
,2025-07-01
,2025-07-01
,2025-07-01
,2025-07-01
,2025-07-01
,2025-07-01
,2025-07-01
,2025-07-01
,2025-07-01
,2025-07-01
,2025-07-01
,2025-07-01
,2025-07-01
,2025-07-01
,2025-07-01
,2025-07-01
,2025-07-01
,2025-07-01
,2025-07-01
,2025-07-01
,2025-07-01
,2025-07-01
,2025-07-01
,2025-07-01
,2025-07-01
,2025-07-01
,2025-07-01
,2025-07-01
,2025-07-01
,2025-07-01
,2025-07-01
,2025-07-01
,2025-07-01
,2025-07-01
,2025-07-01
,2025-07-01
,2025-07-01
,2025-07-01
,2025-07-01
,2025-07-01
,2025-07-04
,2025-07-04
,2025-07-04
,2025-07-04
,2025-07-04
,2025-07-04
,2025-07-04
,2025-07-04
,2025-07-04
,2025-07-04
,2025-07-04
,2025-07-04
,2025-07-04
,2025-07-04
,2025-07-04
,2025-07-04
,2025-07-04
,2025-07-04
,2025-07-04
,2025-07-04
,2025-07-04
,2025-07-04
,2025-07-04
,2025-07-04
,2025-07-04
,2025-07-04
,2025-07-04
,2025-07-04
,2025-07-04
,2025-07-04
,2025-07-04
,2025-07-04
,2025-07-04
,2025-07-04
,2025-07-04
,2025-07-04
,2025-07-04
,2025-07-04
,2025-07-04
,2025-07-04
,2025-07-04
,2025-07-04
,2025-07-04
,2025-07-04
,2025-07-04
,2025-07-04
,2025-07-04
,2025-07-04
,2025-07-04
,2025-07-04
,2025-07-04
,2025-07-04
,2025-07-04
,2025-07-04
,2025-07-04
,2025-07-04
,2025-07-04
,2025-07-04
,2025-07-04
,2025-07-04
,2025-07-04
,2025-07-04
,2025-07-04
,2025-07-04
,2025-07-04
,2025-07-04
,2025-07-04
,2025-07-04
,2025-07-04
,2025-07-04
,2025-07-04
,2025-07-04
,2025-07-04
,2025-07-04
,2025-07-04
,2025-07-04
,2025-07-04
,2025-07-04
,2025-07-04
,2025-07-04
,2025-07-04
,2025-07-04
,2025-07-04
,2025-07-04
,2025-07-04
,2025-07-04
,2025-07-04
,2025-07-04
,2025-07-04
,2025-07-04
,2025-07-04
,2025-07-04
,2025-07-04
,2025-07-04
,2025-07-04
,2025-07-04
,2025-07-04
,2025-07-04
,2025-07-04
,2025-07-04
,2025-07-04
,2025-07-04
,2025-07-04
,2025-07-04
,2025-07-04
,2025-07-04
,2025-07-04
,2025-07-04
,2025-07-04
,2025-07-04
,2025-07-04
,2025-07-04
,2025-07-04
,2025-07-04
"11""",2025-07-04
,2025-07-04
,2025-07-04
,2025-07-04
,2025-07-04
,2025-07-04
,2025-07-04
,2025-07-04
,2025-07-04
,2025-07-04
,2025-07-04
,2025-07-04
,2025-07-04
,2025-07-04
,2025-07-04
,2025-07-04
,2025-07-04
,2025-07-04
,2025-07-04
,2025-07-04
,2025-07-04
"85""",2025-07-04
"48""",2025-07-04
,2025-07-04
,2025-07-04
"08""",2025-07-04
,2025-07-04
"75""",2025-07-04
,2025-07-04
"21""",2025-07-04
,2025-07-04
,2025-07-04
,2025-07-04
,2025-07-04
"00""",2025-07-04
,2025-07-04
,2025-07-04
,2025-07-04
,2025-07-04
"25""",2025-07-04
,2025-07-04
,2025-07-04
,2025-07-04
,2025-07-04
,2025-07-04
,2025-07-04
,2025-07-04
,2025-07-04
,2025-07-04
,2025-07-04
,2025-07-04
"25""",2025-07-04
,2025-07-04
,2025-07-04
,2025-07-04
,2025-07-04
,2025-07-04
,2025-07-04
,2025-07-04
,2025-07-04
,2025-07-04
,2025-07-04
,2025-07-04
,2025-07-04
,2025-07-04
,2025-07-04
,2025-07-04
,2025-07-04
,2025-07-04
,2025-07-04
,2025-07-04
,2025-07-04
,2025-07-04
,2025-07-04
"00""",2025-07-04
,2025-07-04
,2025-07-04
,2025-07-04
,2025-07-04
,2025-07-04
,2025-07-04
,2025-07-04
,2025-07-04
,2025-07-04
,2025-07-04
,2025-07-04
,2025-07-04
,2025-07-04
,2025-07-04
,2025-07-04
,2025-07-04
,2025-07-04
,2025-07-04
,2025-07-04
,2025-07-04
,2025-07-04
,2025-07-04
,2025-07-09
,2025-07-09
,2025-07-09
,2025-07-09
,2025-07-09
,2025-07-09
,2025-07-09
,2025-07-09
,2025-07-09
,2025-07-09
,2025-07-09
,2025-07-09
,2025-07-09
,2025-07-09
,2025-07-09
,2025-07-09
,2025-07-09
,2025-07-09
,2025-07-09
,2025-07-09
,2025-07-09
,2025-07-09
,2025-07-09
,2025-07-09
,2025-07-09
,2025-07-09
,2025-07-09
,2025-07-09
,2025-07-09
,2025-07-09
,2025-07-09
,2025-07-09
,2025-07-09
,2025-07-09
,2025-07-09
,2025-07-09
,2025-07-09
,2025-07-09
,2025-07-09
,2025-07-09
,2025-07-09
,2025-07-09
,2025-07-09
,2025-07-09
,2025-07-09
,2025-07-09
,2025-07-09
,2025-07-09
,2025-07-09
,2025-07-09
,2025-07-09
,2025-07-09
,2025-07-09
,2025-07-09
,2025-07-09
,2025-07-09
,2025-07-09
,2025-07-09
,2025-07-09
,2025-07-09
,2025-07-09
,2025-07-09
,2025-07-09
,2025-07-09
,2025-07-09
,2025-07-09
,2025-07-09
,2025-07-09
,2025-07-09
,2025-07-09
,2025-07-09
,2025-07-09
,2025-07-09
,2025-07-09
,2025-07-09
,2025-07-09
,2025-07-09
,2025-07-09
,2025-07-09
,2025-07-09
,2025-07-09
,2025-07-09
,2025-07-09
,2025-07-09
,2025-07-09
,2025-07-09
,2025-07-09
,2025-07-09
,2025-07-09
,2025-07-09
,2025-07-09
,2025-07-09
,2025-07-09
,2025-07-09
,2025-07-09
,2025-07-09
,2025-07-09
,2025-07-09
,2025-07-09
,2025-07-09
,2025-07-09
,2025-07-09
,2025-07-09
,2025-07-09
,2025-07-09
,2025-07-09
,2025-07-09
,2025-07-09
,2025-07-09
,2025-07-09
,2025-07-09
,2025-07-09
,2025-07-09
,2025-07-09
,2025-07-09
,2025-07-09
,2025-07-09
,2025-07-09
,2025-07-09
,2025-07-09
,2025-07-09
,2025-07-09
,2025-07-09
,2025-07-09
,2025-07-09
,2025-07-09
,2025-07-09
,2025-07-09
,2025-07-09
,2025-07-09
,2025-07-09
,2025-07-09
,2025-07-09
,2025-07-09
,2025-07-09
,2025-07-09
,2025-07-09
,2025-07-09
,2025-07-09
,2025-07-09
,2025-07-09
"52""",2025-07-09
,2025-07-09
"43""",2025-07-09
,2025-07-09
,2025-07-09
,2025-07-09
"83""",2025-07-09
,2025-07-09
,2025-07-09
,2025-07-09
"31""",2025-07-09
,2025-07-09
,2025-07-09
,2025-07-09
,2025-07-09
,2025-07-09
,2025-07-09
,2025-07-09
,2025-07-09
,2025-07-09
"84""",2025-07-09
,2025-07-09
,2025-07-09
,2025-07-09
,2025-07-09
"50""",2025-07-09
,2025-07-09
"20""",2025-07-09
,2025-07-09
,2025-07-09
,2025-07-09
,2025-07-09
,2025-07-09
,2025-07-09
,2025-07-09
,2025-07-09
,2025-07-09
,2025-07-09
,2025-07-09
,2025-07-09
,2025-07-09
,2025-07-09
,2025-07-09
,2025-07-09
,2025-07-09
,2025-07-09
,2025-07-09
"00""",2025-07-09
,2025-07-09
,2025-07-09
,2025-07-09
,2025-07-09
,2025-07-09
,2025-07-09
,2025-07-09
,2025-07-09
,2025-07-09
,2025-07-09
,2025-07-09
,2025-07-09
,2025-07-09
,2025-07-09
,2025-07-09
,2025-07-09
,2025-07-09
,2025-07-09
,2025-07-09
,2025-07-09
,2025-07-09
,2025-07-09
"22""",2025-07-09
,2025-07-09
,2025-07-09
,2025-07-09
,2025-07-09
,2025-07-09
,2025-07-09
,2025-07-09
,2025-07-09
,2025-07-09
,2025-07-09
,2025-07-09
,2025-07-09
,2025-07-10
,2025-07-10
,2025-07-10
,2025-07-10
,2025-07-10
,2025-07-10
,2025-07-10
,2025-07-10
,2025-07-10
,2025-07-10
,2025-07-10
,2025-07-10
,2025-07-10
,2025-07-10
,2025-07-10
,2025-07-10
,2025-07-10
,2025-07-10
,2025-07-10
,2025-07-10
,2025-07-10
,2025-07-10
,2025-07-10
,2025-07-10
,2025-07-10
,2025-07-10
,2025-07-10
,2025-07-10
,2025-07-10
,2025-07-10
,2025-07-10
,2025-07-10
,2025-07-10
,2025-07-10
,2025-07-10
,2025-07-10
,2025-07-10
,2025-07-10
,2025-07-10
,2025-07-10
,2025-07-10
,2025-07-10
,2025-07-10
,2025-07-10
,2025-07-10
,2025-07-10
,2025-07-10
,2025-07-10
,2025-07-10
,2025-07-10
,2025-07-10
,2025-07-10
,2025-07-10
,2025-07-10
,2025-07-10
,2025-07-10
,2025-07-10
,2025-07-10
,2025-07-10
,2025-07-10
,2025-07-10
,2025-07-10
,2025-07-10
,2025-07-10
,2025-07-10
,2025-07-10
,2025-07-10
,2025-07-10
,2025-07-10
,2025-07-10
,2025-07-10
,2025-07-10
,2025-07-10
,2025-07-10
,2025-07-10
,2025-07-10
,2025-07-10
,2025-07-10
,2025-07-10
,2025-07-10
,2025-07-10
,2025-07-10
,2025-07-10
,2025-07-10
,2025-07-10
,2025-07-10
,2025-07-10
,2025-07-10
,2025-07-10
,2025-07-10
,2025-07-10
,2025-07-10
,2025-07-10
,2025-07-10
,2025-07-10
,2025-07-10
,2025-07-10
,2025-07-10
,2025-07-10
,2025-07-10
,2025-07-10
,2025-07-10
,2025-07-10
,2025-07-10
,2025-07-10
,2025-07-10
,2025-07-10
,2025-07-10
,2025-07-10
,2025-07-10
,2025-07-10
,2025-07-10
,2025-07-10
,2025-07-10
,2025-07-10
,2025-07-10
,2025-07-10
,2025-07-10
,2025-07-10
,2025-07-10
,2025-07-10
,2025-07-10
,2025-07-10
,2025-07-10
,2025-07-10
,2025-07-10
,2025-07-10
,2025-07-10
,2025-07-10
,2025-07-10
,2025-07-10
,2025-07-10
,2025-07-10
,2025-07-10
,2025-07-10
,2025-07-10
,2025-07-10
"90""",2025-07-10
,2025-07-10
,2025-07-10
,2025-07-10
,2025-07-10
,2025-07-10
,2025-07-10
,2025-07-10
,2025-07-10
,2025-07-10
,2025-07-10
,2025-07-10
,2025-07-10
,2025-07-10
,2025-07-10
,2025-07-10
,2025-07-10
,2025-07-10
,2025-07-10
,2025-07-10
,2025-07-10
,2025-07-10
,2025-07-10
,2025-07-10
,2025-07-10
,2025-07-10
,2025-07-10
,2025-07-10
,2025-07-10
,2025-07-10
,2025-07-10
,2025-07-10
,2025-07-10
,2025-07-10
,2025-07-10
,2025-07-10
,2025-07-10
,2025-07-10
,2025-07-10
,2025-07-10
,2025-07-10
,2025-07-10
,2025-07-10
,2025-07-10
,2025-07-10
,2025-07-10
,2025-07-10
,2025-07-10
,2025-07-10
,2025-07-10
,2025-07-10
,2025-07-10
,2025-07-10
,2025-07-10
,2025-07-10
,2025-07-10
,2025-07-10
,2025-07-10
,2025-07-10
,2025-07-10
,2025-07-10
,2025-07-10
,2025-07-10
,2025-07-10
,2025-07-10
,2025-07-10
,2025-07-10
,2025-07-10
,2025-07-10
,2025-07-10
,2025-07-10
,2025-07-10
,2025-07-10
,2025-07-10
,2025-07-10
,2025-07-10
,2025-07-10
,2025-07-10
,2025-07-10
,2025-07-10
,2025-07-10
,2025-07-11
,2025-07-11
,2025-07-11
,2025-07-11
,2025-07-11
,2025-07-11
,2025-07-11
,2025-07-11
,2025-07-11
,2025-07-11
,2025-07-11
,2025-07-11
,2025-07-11
,2025-07-11
,2025-07-11
,2025-07-11
,2025-07-11
,2025-07-11
,2025-07-11
,2025-07-11
,2025-07-11
,2025-07-11
,2025-07-11
,2025-07-11
,2025-07-11
,2025-07-11
,2025-07-11
,2025-07-11
,2025-07-11
,2025-07-11
,2025-07-11
,2025-07-11
,2025-07-11
,2025-07-11
,2025-07-11
,2025-07-11
,2025-07-11
,2025-07-11
,2025-07-11
,2025-07-11
,2025-07-11
,2025-07-11
,2025-07-11
,2025-07-11
,2025-07-11
,2025-07-11
,2025-07-11
,2025-07-11
,2025-07-11
,2025-07-11
,2025-07-11
,2025-07-11
,2025-07-11
,2025-07-11
,2025-07-11
,2025-07-11
,2025-07-11
,2025-07-11
,2025-07-11
,2025-07-11
,2025-07-11
,2025-07-11
,2025-07-11
,2025-07-11
,2025-07-11
,2025-07-11
,2025-07-11
,2025-07-11
,2025-07-11
,2025-07-11
,2025-07-11
,2025-07-11
,2025-07-11
,2025-07-11
,2025-07-11
,2025-07-11
,2025-07-11
,2025-07-11
,2025-07-11
,2025-07-11
,2025-07-11
,2025-07-11
,2025-07-11
,2025-07-11
,2025-07-11
,2025-07-11
,2025-07-11
,2025-07-11
,2025-07-11
,2025-07-11
,2025-07-11
,2025-07-11
,2025-07-11
,2025-07-11
,2025-07-11
,2025-07-11
,2025-07-11
,2025-07-11
,2025-07-11
,2025-07-11
,2025-07-11
,2025-07-11
,2025-07-11
,2025-07-11
,2025-07-11
,2025-07-11
,2025-07-11
,2025-07-11
,2025-07-11
,2025-07-11
,2025-07-11
,2025-07-11
,2025-07-11
,2025-07-11
,2025-07-11
,2025-07-11
,2025-07-11
,2025-07-11
,2025-07-11
"09""",2025-07-11
,2025-07-11
,2025-07-11
,2025-07-11
,2025-07-11
,2025-07-11
,2025-07-11
,2025-07-11
,2025-07-11
,2025-07-11
,2025-07-11
,2025-07-11
,2025-07-11
,2025-07-11
,2025-07-11
,2025-07-11
,2025-07-11
,2025-07-11
,2025-07-11
,2025-07-11
,2025-07-11
,2025-07-11
,2025-07-11
,2025-07-11
"48""",2025-07-11
,2025-07-11
,2025-07-11
,2025-07-11
"65""",2025-07-11
"90""",2025-07-11
,2025-07-11
,2025-07-11
"11""",2025-07-11
"02""",2025-07-11
"62""",2025-07-11
"76""",2025-07-11
,2025-07-11
,2025-07-11
,2025-07-11
,2025-07-11
,2025-07-11
,2025-07-11
,2025-07-11
,2025-07-11
"82""",2025-07-11
,2025-07-11
,2025-07-11
,2025-07-11
,2025-07-11
,2025-07-11
,2025-07-11
,2025-07-11
,2025-07-11
,2025-07-11
,2025-07-11
"32""",2025-07-11
,2025-07-11
,2025-07-11
,2025-07-11
,2025-07-11
,2025-07-11
,2025-07-11
,2025-07-11
,2025-07-11
,2025-07-11
,2025-07-11
,2025-07-11
,2025-07-11
,2025-07-11
,2025-07-11
,2025-07-11
,2025-07-11
,2025-07-11
,2025-07-11
,2025-07-11
,2025-07-11
,2025-07-11
,2025-07-11
,2025-07-11
,2025-07-11
,2025-07-11
,2025-07-11
,2025-07-11
,2025-07-11
,2025-07-11
,2025-07-11
,2025-07-11
,2025-07-11
,2025-07-11
,2025-07-11
,2025-07-11
,2025-07-11
,2025-07-11
,2025-07-11
,2025-07-11
,2025-07-11
,2025-07-11
,2025-07-11
,2025-07-11
,2025-07-11
,2025-07-11
,2025-07-11
,2025-07-11
,2025-07-11
,2025-07-11
,2025-07-11
,2025-07-11
,2025-07-11
,2025-07-11
,2025-07-11
,2025-07-11
,2025-07-11
,2025-07-11
,2025-07-13
,2025-07-13
,2025-07-13
,2025-07-13
,2025-07-13
,2025-07-13
,2025-07-13
,2025-07-13
,2025-07-13
,2025-07-13
,2025-07-13
,2025-07-13
,2025-07-13
,2025-07-13
,2025-07-13
,2025-07-13
,2025-07-13
,2025-07-13
,2025-07-13
,2025-07-13
,2025-07-13
,2025-07-13
,2025-07-13
,2025-07-13
,2025-07-13
,2025-07-13
,2025-07-13
,2025-07-13
,2025-07-13
,2025-07-13
,2025-07-13
,2025-07-13
,2025-07-13
,2025-07-13
,2025-07-13
,2025-07-13
,2025-07-13
,2025-07-13
,2025-07-13
,2025-07-13
,2025-07-13
,2025-07-13
,2025-07-13
,2025-07-13
,2025-07-13
,2025-07-13
,2025-07-13
,2025-07-13
,2025-07-13
,2025-07-13
,2025-07-13
,2025-07-13
,2025-07-13
,2025-07-13
,2025-07-13
,2025-07-13
,2025-07-13
,2025-07-13
,2025-07-13
,2025-07-13
,2025-07-13
,2025-07-13
,2025-07-13
,2025-07-13
,2025-07-13
,2025-07-13
,2025-07-13
,2025-07-13
,2025-07-13
,2025-07-13
,2025-07-13
,2025-07-13
,2025-07-13
,2025-07-13
,2025-07-13
,2025-07-13
,2025-07-13
,2025-07-13
,2025-07-13
,2025-07-13
,2025-07-13
,2025-07-13
,2025-07-13
,2025-07-13
,2025-07-13
,2025-07-13
,2025-07-13
,2025-07-13
,2025-07-13
,2025-07-13
,2025-07-13
,2025-07-13
,2025-07-13
,2025-07-13
,2025-07-13
,2025-07-13
,2025-07-13
,2025-07-13
,2025-07-13
,2025-07-13
,2025-07-13
,2025-07-13
,2025-07-13
,2025-07-13
,2025-07-13
,2025-07-13
,2025-07-13
,2025-07-13
,2025-07-13
,2025-07-13
,2025-07-13
,2025-07-13
,2025-07-13
,2025-07-13
,2025-07-13
,2025-07-13
,2025-07-13
,2025-07-13
,2025-07-13
,2025-07-13
,2025-07-13
,2025-07-13
,2025-07-13
,2025-07-13
,2025-07-13
,2025-07-13
,2025-07-13
,2025-07-13
,2025-07-13
,2025-07-13
,2025-07-13
,2025-07-13
,2025-07-13
,2025-07-13
,2025-07-13
,2025-07-13
,2025-07-13
,2025-07-13
,2025-07-13
,2025-07-13
"05""",2025-07-13
,2025-07-13
,2025-07-13
,2025-07-13
,2025-07-13
,2025-07-13
,2025-07-13
"43""",2025-07-13
,2025-07-13
,2025-07-13
,2025-07-13
,2025-07-13
,2025-07-13
"64""",2025-07-13
,2025-07-13
,2025-07-13
,2025-07-13
,2025-07-13
,2025-07-13
,2025-07-13
,2025-07-13
,2025-07-13
,2025-07-13
,2025-07-13
,2025-07-13
,2025-07-13
,2025-07-13
,2025-07-13
,2025-07-13
,2025-07-13
,2025-07-13
,2025-07-13
,2025-07-13
,2025-07-13
,2025-07-13
,2025-07-13
,2025-07-13
,2025-07-13
,2025-07-13
,2025-07-13
,2025-07-13
,2025-07-13
,2025-07-13
,2025-07-13
,2025-07-13
,2025-07-13
,2025-07-13
,2025-07-13
,2025-07-13
,2025-07-13
,2025-07-13
,2025-07-13
,2025-07-13
,2025-07-13
,2025-07-13
,2025-07-13
,2025-07-13
,2025-07-13
,2025-07-13
,2025-07-13
,2025-07-13
,2025-07-13
,2025-07-13
,2025-07-13
,2025-07-13
,2025-07-13
,2025-07-13
,2025-07-13
,2025-07-13
,2025-07-13
,2025-07-13
,2025-07-13
,2025-07-13
,2025-07-13
,2025-07-13
,2025-07-13
,2025-07-13
,2025-07-13
,2025-07-13
,2025-07-13
,2025-07-14
,2025-07-14
,2025-07-14
,2025-07-14
,2025-07-14
,2025-07-14
,2025-07-14
,2025-07-14
,2025-07-14
,2025-07-14
,2025-07-14
,2025-07-14
,2025-07-14
,2025-07-14
,2025-07-14
,2025-07-14
,2025-07-14
,2025-07-14
,2025-07-14
,2025-07-14
,2025-07-14
,2025-07-14
,2025-07-14
,2025-07-14
,2025-07-14
,2025-07-14
,2025-07-14
,2025-07-14
,2025-07-14
,2025-07-14
,2025-07-14
,2025-07-14
,2025-07-14
,2025-07-14
,2025-07-14
,2025-07-14
,2025-07-14
,2025-07-14
,2025-07-14
,2025-07-14
,2025-07-14
,2025-07-14
,2025-07-14
,2025-07-14
,2025-07-14
,2025-07-14
,2025-07-14
,2025-07-14
,2025-07-14
,2025-07-14
,2025-07-14
,2025-07-14
,2025-07-14
,2025-07-14
,2025-07-14
,2025-07-14
,2025-07-14
,2025-07-14
,2025-07-14
,2025-07-14
,2025-07-14
,2025-07-14
,2025-07-14
,2025-07-14
,2025-07-14
,2025-07-14
,2025-07-14
,2025-07-14
,2025-07-14
,2025-07-14
,2025-07-14
,2025-07-14
,2025-07-14
,2025-07-14
,2025-07-14
,2025-07-14
,2025-07-14
,2025-07-14
,2025-07-14
,2025-07-14
,2025-07-14
,2025-07-14
,2025-07-14
,2025-07-14
,2025-07-14
,2025-07-14
,2025-07-14
,2025-07-14
,2025-07-14
,2025-07-14
,2025-07-14
,2025-07-14
,2025-07-14
,2025-07-14
,2025-07-14
,2025-07-14
,2025-07-14
,2025-07-14
,2025-07-14
,2025-07-14
,2025-07-14
,2025-07-14
,2025-07-14
,2025-07-14
,2025-07-14
,2025-07-14
,2025-07-14
,2025-07-14
,2025-07-14
,2025-07-14
,2025-07-14
,2025-07-14
,2025-07-14
,2025-07-14
,2025-07-14
,2025-07-14
,2025-07-14
,2025-07-14
,2025-07-14
,2025-07-14
,2025-07-14
,2025-07-14
,2025-07-14
,2025-07-14
,2025-07-14
,2025-07-14
,2025-07-14
,2025-07-14
,2025-07-14
,2025-07-14
,2025-07-14
,2025-07-14
,2025-07-14
,2025-07-14
,2025-07-14
,2025-07-14
,2025-07-14
,2025-07-14
,2025-07-14
,2025-07-14
,2025-07-14
,2025-07-14
,2025-07-14
,2025-07-14
,2025-07-14
,2025-07-14
,2025-07-14
,2025-07-14
,2025-07-14
,2025-07-14
,2025-07-14
"74""",2025-07-14
"85""",2025-07-14
,2025-07-14
,2025-07-14
,2025-07-14
,2025-07-14
,2025-07-14
,2025-07-14
,2025-07-14
,2025-07-14
,2025-07-14
,2025-07-14
,2025-07-14
"88""",2025-07-14
"52""",2025-07-14
,2025-07-14
,2025-07-14
,2025-07-14
,2025-07-14
,2025-07-14
,2025-07-14
,2025-07-14
,2025-07-14
,2025-07-14
,2025-07-14
,2025-07-14
,2025-07-14
,2025-07-14
,2025-07-14
,2025-07-14
,2025-07-14
,2025-07-14
,2025-07-14
,2025-07-14
,2025-07-14
,2025-07-14
,2025-07-14
,2025-07-14
,2025-07-14
,2025-07-14
,2025-07-14
,2025-07-14
,2025-07-14
,2025-07-14
,2025-07-14
,2025-07-14
,2025-07-14
,2025-07-14
,2025-07-14
,2025-07-14
,2025-07-14
,2025-07-14
,2025-07-14
,2025-07-14
,2025-07-14
,2025-07-14
,2025-07-14
,2025-07-14
,2025-07-14
,2025-07-14
,2025-07-14
,2025-07-14
,2025-07-14
,2025-07-14
,2025-07-14
,2025-07-14
,2025-07-14
,2025-07-14
,2025-07-14
,2025-07-14
,2025-07-14
,2025-07-14
,2025-07-14
,2025-07-14
,2025-07-14
,2025-07-14
,2025-07-14
,2025-07-14
,2025-07-14
,2025-07-14
,2025-07-14
,2025-07-14
,2025-07-14
,2025-07-14
,2025-07-14
,2025-07-14
,2025-07-14
,2025-07-17
,2025-07-17
,2025-07-17
,2025-07-17
,2025-07-17
,2025-07-17
,2025-07-17
,2025-07-17
,2025-07-17
,2025-07-17
,2025-07-17
,2025-07-17
,2025-07-17
,2025-07-17
,2025-07-17
,2025-07-17
,2025-07-17
,2025-07-17
,2025-07-17
,2025-07-17
,2025-07-17
,2025-07-17
,2025-07-17
,2025-07-17
,2025-07-17
,2025-07-17
,2025-07-17
,2025-07-17
,2025-07-17
,2025-07-17
,2025-07-17
,2025-07-17
,2025-07-17
,2025-07-17
,2025-07-17
,2025-07-17
,2025-07-17
,2025-07-17
,2025-07-17
,2025-07-17
,2025-07-17
,2025-07-17
,2025-07-17
,2025-07-17
,2025-07-17
,2025-07-17
,2025-07-17
,2025-07-17
,2025-07-17
,2025-07-17
,2025-07-17
,2025-07-17
,2025-07-17
,2025-07-17
,2025-07-17
,2025-07-17
,2025-07-17
,2025-07-17
,2025-07-17
,2025-07-17
,2025-07-17
,2025-07-17
,2025-07-17
,2025-07-17
,2025-07-17
,2025-07-17
,2025-07-17
,2025-07-17
,2025-07-17
,2025-07-17
,2025-07-17
,2025-07-17
,2025-07-17
,2025-07-17
,2025-07-17
,2025-07-17
,2025-07-17
,2025-07-17
,2025-07-17
,2025-07-17
,2025-07-17
,2025-07-17
,2025-07-17
,2025-07-17
,2025-07-17
,2025-07-17
,2025-07-17
,2025-07-17
,2025-07-17
,2025-07-17
,2025-07-17
,2025-07-17
,2025-07-17
,2025-07-17
,2025-07-17
,2025-07-17
,2025-07-17
,2025-07-17
,2025-07-17
,2025-07-17
,2025-07-17
,2025-07-17
,2025-07-17
,2025-07-17
,2025-07-17
,2025-07-17
,2025-07-17
,2025-07-17
,2025-07-17
,2025-07-17
,2025-07-17
,2025-07-17
,2025-07-17
,2025-07-17
,2025-07-17
,2025-07-17
,2025-07-17
,2025-07-17
,2025-07-17
,2025-07-17
,2025-07-17
,2025-07-17
,2025-07-17
,2025-07-17
,2025-07-17
,2025-07-17
,2025-07-17
,2025-07-17
,2025-07-17
,2025-07-17
,2025-07-17
,2025-07-17
,2025-07-17
,2025-07-17
,2025-07-17
,2025-07-17
,2025-07-17
,2025-07-17
,2025-07-17
,2025-07-17
,2025-07-17
,2025-07-17
,2025-07-17
,2025-07-17
,2025-07-17
,2025-07-17
,2025-07-17
,2025-07-17
,2025-07-17
,2025-07-17
,2025-07-17
,2025-07-17
,2025-07-17
,2025-07-17
,2025-07-17
,2025-07-17
,2025-07-17
,2025-07-17
"63""",2025-07-17
,2025-07-17
,2025-07-17
,2025-07-17
,2025-07-17
"00""",2025-07-17
,2025-07-17
,2025-07-17
,2025-07-17
,2025-07-17
,2025-07-17
,2025-07-17
,2025-07-17
,2025-07-17
"15""",2025-07-17
,2025-07-17
,2025-07-17
,2025-07-17
,2025-07-17
,2025-07-17
"92""",2025-07-17
,2025-07-17
,2025-07-17
,2025-07-17
,2025-07-17
,2025-07-17
"64""",2025-07-17
,2025-07-17
,2025-07-17
,2025-07-17
,2025-07-17
"77""",2025-07-17
,2025-07-17
,2025-07-17
,2025-07-17
,2025-07-17
,2025-07-17
,2025-07-17
,2025-07-17
,2025-07-17
,2025-07-17
,2025-07-17
,2025-07-17
,2025-07-17
,2025-07-17
,2025-07-17
,2025-07-17
,2025-07-17
,2025-07-17
,2025-07-17
,2025-07-17
,2025-07-17
,2025-07-17
,2025-07-17
,2025-07-17
,2025-07-17
,2025-07-17
,2025-07-17
,2025-07-17
,2025-07-17
,2025-07-17
,2025-07-17
,2025-07-17
,2025-07-17
,2025-07-17
,2025-07-17
,2025-07-17
,2025-07-17
,2025-07-17
,2025-07-17
,2025-07-17
,2025-07-17
,2025-07-17
,2025-07-17
,2025-07-17
,2025-07-17
,2025-07-17
,2025-07-17
,2025-07-17
,2025-07-17
,2025-07-17
,2025-07-17
,2025-07-17
,2025-07-17
,2025-07-17
,2025-07-17
,2025-07-17
,2025-07-17
,2025-07-17
,2025-07-17
,2025-07-17
,2025-07-17
,2025-07-17
,2025-07-18
,2025-07-18
,2025-07-18
,2025-07-18
,2025-07-18
,2025-07-18
,2025-07-18
,2025-07-18
,2025-07-18
,2025-07-18
,2025-07-18
,2025-07-18
,2025-07-18
,2025-07-18
,2025-07-18
,2025-07-18
,2025-07-18
,2025-07-18
,2025-07-18
,2025-07-18
,2025-07-18
,2025-07-18
,2025-07-18
,2025-07-18
,2025-07-18
,2025-07-18
,2025-07-18
,2025-07-18
,2025-07-18
,2025-07-18
,2025-07-18
,2025-07-18
,2025-07-18
,2025-07-18
,2025-07-18
,2025-07-18
,2025-07-18
,2025-07-18
,2025-07-18
,2025-07-18
,2025-07-18
,2025-07-18
,2025-07-18
,2025-07-18
,2025-07-18
,2025-07-18
,2025-07-18
,2025-07-18
,2025-07-18
,2025-07-18
,2025-07-18
,2025-07-18
,2025-07-18
,2025-07-18
,2025-07-18
,2025-07-18
,2025-07-18
,2025-07-18
,2025-07-18
,2025-07-18
,2025-07-18
,2025-07-18
,2025-07-18
,2025-07-18
,2025-07-18
,2025-07-18
,2025-07-18
,2025-07-18
,2025-07-18
,2025-07-18
,2025-07-18
,2025-07-18
,2025-07-18
,2025-07-18
,2025-07-18
,2025-07-18
,2025-07-18
,2025-07-18
,2025-07-18
,2025-07-18
,2025-07-18
,2025-07-18
,2025-07-18
,2025-07-18
,2025-07-18
,2025-07-18
,2025-07-18
,2025-07-18
,2025-07-18
,2025-07-18
,2025-07-18
,2025-07-18
,2025-07-18
,2025-07-18
,2025-07-18
,2025-07-18
,2025-07-18
,2025-07-18
,2025-07-18
,2025-07-18
,2025-07-18
,2025-07-18
,2025-07-18
,2025-07-18
,2025-07-18
,2025-07-18
,2025-07-18
,2025-07-18
,2025-07-18
,2025-07-18
,2025-07-18
,2025-07-18
,2025-07-18
,2025-07-18
,2025-07-18
,2025-07-18
,2025-07-18
,2025-07-18
,2025-07-18
,2025-07-18
,2025-07-18
,2025-07-18
,2025-07-18
,2025-07-18
,2025-07-18
,2025-07-18
,2025-07-18
,2025-07-18
,2025-07-18
,2025-07-18
,2025-07-18
,2025-07-18
,2025-07-18
,2025-07-18
,2025-07-18
,2025-07-18
,2025-07-18
,2025-07-18
,2025-07-18
,2025-07-18
,2025-07-18
,2025-07-18
,2025-07-18
,2025-07-18
,2025-07-18
,2025-07-18
,2025-07-18
"50""",2025-07-18
,2025-07-18
,2025-07-18
,2025-07-18
"75""",2025-07-18
,2025-07-18
"75""",2025-07-18
"77""",2025-07-18
,2025-07-18
,2025-07-18
,2025-07-18
,2025-07-18
,2025-07-18
,2025-07-18
,2025-07-18
,2025-07-18
,2025-07-18
,2025-07-18
,2025-07-18
,2025-07-18
,2025-07-18
,2025-07-18
,2025-07-18
,2025-07-18
,2025-07-18
,2025-07-18
,2025-07-18
,2025-07-18
,2025-07-18
,2025-07-18
,2025-07-18
,2025-07-18
,2025-07-18
,2025-07-18
,2025-07-18
,2025-07-18
,2025-07-18
,2025-07-18
,2025-07-18
,2025-07-18
,2025-07-18
,2025-07-18
,2025-07-18
,2025-07-18
,2025-07-18
,2025-07-18
,2025-07-18
,2025-07-18
,2025-07-18
,2025-07-18
,2025-07-18
,2025-07-18
,2025-07-18
,2025-07-18
,2025-07-18
,2025-07-18
,2025-07-18
,2025-07-18
,2025-07-18
,2025-07-18
,2025-07-18
,2025-07-18
,2025-07-18
,2025-07-18
,2025-07-18
"79""",2025-07-18
,2025-07-18
,2025-07-18
,2025-07-18
,2025-07-18
,2025-07-18
,2025-07-18
,2025-07-18
,2025-07-18
,2025-07-18
,2025-07-18
,2025-07-18
,2025-07-18
,2025-07-18
,2025-07-18
,2025-07-18
,2025-07-18
,2025-07-18
,2025-07-19
,2025-07-19
,2025-07-19
,2025-07-19
,2025-07-19
,2025-07-19
,2025-07-19
,2025-07-19
,2025-07-19
,2025-07-19
,2025-07-19
,2025-07-19
,2025-07-19
,2025-07-19
,2025-07-19
,2025-07-19
,2025-07-19
,2025-07-19
,2025-07-19
,2025-07-19
,2025-07-19
,2025-07-19
,2025-07-19
,2025-07-19
,2025-07-19
,2025-07-19
,2025-07-19
,2025-07-19
,2025-07-19
,2025-07-19
,2025-07-19
,2025-07-19
,2025-07-19
,2025-07-19
,2025-07-19
,2025-07-19
,2025-07-19
,2025-07-19
,2025-07-19
,2025-07-19
,2025-07-19
,2025-07-19
,2025-07-19
,2025-07-19
,2025-07-19
,2025-07-19
,2025-07-19
,2025-07-19
,2025-07-19
,2025-07-19
,2025-07-19
,2025-07-19
,2025-07-19
,2025-07-19
,2025-07-19
,2025-07-19
,2025-07-19
,2025-07-19
,2025-07-19
,2025-07-19
,2025-07-19
,2025-07-19
,2025-07-19
,2025-07-19
,2025-07-19
,2025-07-19
,2025-07-19
,2025-07-19
,2025-07-19
,2025-07-19
,2025-07-19
,2025-07-19
,2025-07-19
,2025-07-19
,2025-07-19
,2025-07-19
,2025-07-19
,2025-07-19
,2025-07-19
,2025-07-19
,2025-07-19
,2025-07-19
,2025-07-19
,2025-07-19
,2025-07-19
,2025-07-19
,2025-07-19
,2025-07-19
,2025-07-19
,2025-07-19
,2025-07-19
,2025-07-19
,2025-07-19
,2025-07-19
,2025-07-19
,2025-07-19
,2025-07-19
,2025-07-19
,2025-07-19
,2025-07-19
,2025-07-19
,2025-07-19
,2025-07-19
,2025-07-19
,2025-07-19
,2025-07-19
,2025-07-19
,2025-07-19
,2025-07-19
,2025-07-19
,2025-07-19
,2025-07-19
,2025-07-19
,2025-07-19
,2025-07-19
,2025-07-19
,2025-07-19
,2025-07-19
,2025-07-19
,2025-07-19
,2025-07-19
,2025-07-19
,2025-07-19
"32""",2025-07-19
,2025-07-19
,2025-07-19
,2025-07-19
"25""",2025-07-19
"23""",2025-07-19
,2025-07-19
"77""",2025-07-19
,2025-07-19
,2025-07-19
,2025-07-19
,2025-07-19
,2025-07-19
,2025-07-19
,2025-07-19
,2025-07-19
,2025-07-19
,2025-07-19
,2025-07-19
,2025-07-19
"24""",2025-07-19
"69""",2025-07-19
,2025-07-19
,2025-07-19
"18""",2025-07-19
,2025-07-19
"63""",2025-07-19
,2025-07-19
,2025-07-19
,2025-07-19
"85""",2025-07-19
,2025-07-19
"00""",2025-07-19
"59""",2025-07-19
,2025-07-19
,2025-07-19
,2025-07-19
,2025-07-19
,2025-07-19
,2025-07-19
,2025-07-19
"29""",2025-07-19
"93""",2025-07-19
"06""",2025-07-19
,2025-07-19
,2025-07-19
,2025-07-19
,2025-07-19
,2025-07-19
,2025-07-19
,2025-07-19
,2025-07-19
"00""",2025-07-19
,2025-07-19
,2025-07-19
,2025-07-19
,2025-07-19
,2025-07-19
,2025-07-19
,2025-07-19
,2025-07-19
,2025-07-19
,2025-07-19
,2025-07-19
,2025-07-19
,2025-07-19
,2025-07-19
,2025-07-19
,2025-07-19
,2025-07-19
,2025-07-19
,2025-07-19
,2025-07-19
,2025-07-19
,2025-07-19
,2025-07-19
"26""",2025-07-19
,2025-07-19
,2025-07-19
,2025-07-19
,2025-07-19
,2025-07-19
,2025-07-19
,2025-07-19
,2025-07-19
,2025-07-19
,2025-07-19
,2025-07-19
,2025-07-19
,2025-07-19
,2025-07-19
"65""",2025-07-19
,2025-07-19
,2025-07-19
,2025-07-19
,2025-07-19
,2025-07-19
"89""",2025-07-19
,2025-07-19
,2025-07-19
,2025-07-19
,2025-07-19
,2025-07-19
,2025-07-19
,2025-07-19
,2025-07-19
,2025-07-19
,2025-07-19
,2025-07-19
"45""",2025-07-19
"76""",2025-07-19
,2025-07-22
,2025-07-22
,2025-07-22
,2025-07-22
,2025-07-22
,2025-07-22
,2025-07-22
,2025-07-22
,2025-07-22
,2025-07-22
,2025-07-22
,2025-07-22
,2025-07-22
,2025-07-22
,2025-07-22
,2025-07-22
,2025-07-22
,2025-07-22
,2025-07-22
,2025-07-22
,2025-07-22
,2025-07-22
,2025-07-22
,2025-07-22
,2025-07-22
,2025-07-22
,2025-07-22
,2025-07-22
,2025-07-22
,2025-07-22
,2025-07-22
,2025-07-22
,2025-07-22
,2025-07-22
,2025-07-22
,2025-07-22
,2025-07-22
,2025-07-22
,2025-07-22
,2025-07-22
,2025-07-22
,2025-07-22
,2025-07-22
,2025-07-22
,2025-07-22
,2025-07-22
,2025-07-22
,2025-07-22
,2025-07-22
,2025-07-22
,2025-07-22
,2025-07-22
,2025-07-22
,2025-07-22
,2025-07-22
,2025-07-22
,2025-07-22
,2025-07-22
,2025-07-22
,2025-07-22
,2025-07-22
,2025-07-22
,2025-07-22
,2025-07-22
,2025-07-22
,2025-07-22
,2025-07-22
,2025-07-22
,2025-07-22
,2025-07-22
,2025-07-22
,2025-07-22
,2025-07-22
,2025-07-22
,2025-07-22
,2025-07-22
,2025-07-22
,2025-07-22
,2025-07-22
,2025-07-22
,2025-07-22
,2025-07-22
,2025-07-22
,2025-07-22
,2025-07-22
,2025-07-22
,2025-07-22
,2025-07-22
,2025-07-22
,2025-07-22
,2025-07-22
,2025-07-22
,2025-07-22
,2025-07-22
,2025-07-22
,2025-07-22
,2025-07-22
,2025-07-22
,2025-07-22
,2025-07-22
,2025-07-22
,2025-07-22
,2025-07-22
,2025-07-22
,2025-07-22
,2025-07-22
,2025-07-22
,2025-07-22
,2025-07-22
,2025-07-22
,2025-07-22
,2025-07-22
,2025-07-22
,2025-07-22
,2025-07-22
,2025-07-22
,2025-07-22
,2025-07-22
,2025-07-22
,2025-07-22
,2025-07-22
,2025-07-22
,2025-07-22
,2025-07-22
,2025-07-22
,2025-07-22
,2025-07-22
,2025-07-22
,2025-07-22
,2025-07-22
,2025-07-22
,2025-07-22
,2025-07-22
,2025-07-22
,2025-07-22
,2025-07-22
,2025-07-22
,2025-07-22
,2025-07-22
,2025-07-22
,2025-07-22
,2025-07-22
,2025-07-22
,2025-07-22
,2025-07-22
,2025-07-22
,2025-07-22
,2025-07-22
,2025-07-22
,2025-07-22
,2025-07-22
,2025-07-22
,2025-07-22
,2025-07-22
,2025-07-22
,2025-07-22
,2025-07-22
"35""",2025-07-22
,2025-07-22
"86""",2025-07-22
"30""",2025-07-22
,2025-07-22
,2025-07-22
,2025-07-22
,2025-07-22
,2025-07-22
,2025-07-22
,2025-07-22
,2025-07-22
,2025-07-22
,2025-07-22
,2025-07-22
,2025-07-22
,2025-07-22
,2025-07-22
,2025-07-22
,2025-07-22
"60""",2025-07-22
,2025-07-22
,2025-07-22
,2025-07-22
,2025-07-22
,2025-07-22
,2025-07-22
,2025-07-22
,2025-07-22
"41""",2025-07-22
,2025-07-22
,2025-07-22
,2025-07-22
,2025-07-22
,2025-07-22
,2025-07-22
,2025-07-22
,2025-07-22
,2025-07-22
,2025-07-22
,2025-07-22
,2025-07-22
,2025-07-22
,2025-07-22
,2025-07-22
,2025-07-22
,2025-07-22
,2025-07-22
,2025-07-22
,2025-07-22
,2025-07-22
,2025-07-22
,2025-07-22
,2025-07-22
,2025-07-22
,2025-07-22
,2025-07-22
,2025-07-22
,2025-07-22
,2025-07-22
,2025-07-22
,2025-07-22
,2025-07-22
,2025-07-22
,2025-07-22
,2025-07-22
,2025-07-22
,2025-07-22
,2025-07-22
,2025-07-22
,2025-07-22
,2025-07-22
,2025-07-22
,2025-07-22
,2025-07-22
,2025-07-22
,2025-07-22
,2025-07-22
,2025-07-22
,2025-07-22
,2025-07-22
,2025-07-22
,2025-07-22
,2025-07-22
,2025-07-22
,2025-07-22
,2025-07-22
,2025-07-22
,2025-07-22
,2025-07-22
,2025-07-22
,2025-07-26
,2025-07-26
,2025-07-26
,2025-07-26
,2025-07-26
,2025-07-26
,2025-07-26
,2025-07-26
,2025-07-26
,2025-07-26
,2025-07-26
,2025-07-26
,2025-07-26
,2025-07-26
,2025-07-26
,2025-07-26
,2025-07-26
,2025-07-26
,2025-07-26
,2025-07-26
,2025-07-26
,2025-07-26
,2025-07-26
,2025-07-26
,2025-07-26
,2025-07-26
,2025-07-26
,2025-07-26
,2025-07-26
,2025-07-26
,2025-07-26
,2025-07-26
,2025-07-26
,2025-07-26
,2025-07-26
,2025-07-26
,2025-07-26
,2025-07-26
,2025-07-26
,2025-07-26
,2025-07-26
,2025-07-26
,2025-07-26
,2025-07-26
,2025-07-26
,2025-07-26
,2025-07-26
,2025-07-26
,2025-07-26
,2025-07-26
,2025-07-26
,2025-07-26
,2025-07-26
,2025-07-26
,2025-07-26
,2025-07-26
,2025-07-26
,2025-07-26
,2025-07-26
,2025-07-26
,2025-07-26
,2025-07-26
,2025-07-26
,2025-07-26
,2025-07-26
,2025-07-26
,2025-07-26
,2025-07-26
,2025-07-26
,2025-07-26
,2025-07-26
,2025-07-26
,2025-07-26
,2025-07-26
,2025-07-26
,2025-07-26
,2025-07-26
,2025-07-26
,2025-07-26
,2025-07-26
,2025-07-26
,2025-07-26
,2025-07-26
,2025-07-26
,2025-07-26
,2025-07-26
,2025-07-26
,2025-07-26
,2025-07-26
,2025-07-26
,2025-07-26
,2025-07-26
,2025-07-26
,2025-07-26
,2025-07-26
,2025-07-26
,2025-07-26
,2025-07-26
,2025-07-26
,2025-07-26
,2025-07-26
,2025-07-26
,2025-07-26
,2025-07-26
,2025-07-26
,2025-07-26
,2025-07-26
,2025-07-26
,2025-07-26
,2025-07-26
,2025-07-26
,2025-07-26
,2025-07-26
,2025-07-26
,2025-07-26
,2025-07-26
,2025-07-26
,2025-07-26
,2025-07-26
,2025-07-26
,2025-07-26
,2025-07-26
,2025-07-26
,2025-07-26
,2025-07-26
,2025-07-26
,2025-07-26
,2025-07-26
,2025-07-26
,2025-07-26
,2025-07-26
,2025-07-26
,2025-07-26
,2025-07-26
,2025-07-26
,2025-07-26
,2025-07-26
,2025-07-26
,2025-07-26
,2025-07-26
,2025-07-26
,2025-07-26
,2025-07-26
,2025-07-26
,2025-07-26
,2025-07-26
,2025-07-26
,2025-07-26
,2025-07-26
,2025-07-26
,2025-07-26
,2025-07-26
,2025-07-26
,2025-07-26
,2025-07-26
,2025-07-26
,2025-07-26
"90""",2025-07-26
,2025-07-26
,2025-07-26
,2025-07-26
,2025-07-26
,2025-07-26
"42""",2025-07-26
,2025-07-26
,2025-07-26
,2025-07-26
"45""",2025-07-26
,2025-07-26
,2025-07-26
,2025-07-26
,2025-07-26
,2025-07-26
,2025-07-26
,2025-07-26
,2025-07-26
,2025-07-26
,2025-07-26
,2025-07-26
,2025-07-26
,2025-07-26
,2025-07-26
,2025-07-26
,2025-07-26
,2025-07-26
,2025-07-26
,2025-07-26
,2025-07-26
,2025-07-26
,2025-07-26
,2025-07-26
,2025-07-26
,2025-07-26
,2025-07-26
,2025-07-26
,2025-07-26
,2025-07-26
,2025-07-26
,2025-07-26
,2025-07-26
,2025-07-26
,2025-07-26
,2025-07-26
,2025-07-26
,2025-07-26
,2025-07-26
,2025-07-26
,2025-07-26
,2025-07-26
,2025-07-26
,2025-07-26
,2025-07-26
,2025-07-26
,2025-07-26
,2025-07-26
,2025-07-26
,2025-07-26
,2025-07-26
,2025-07-26
,2025-07-26
,2025-07-26
,2025-07-26
,2025-07-26
,2025-07-26
,2025-07-26
,2025-07-26
,2025-07-26
,2025-07-26
,2025-07-26
,2025-07-26
,2025-07-26
,2025-07-26
,2025-07-26
,2025-07-26
,2025-07-26
,2025-07-26
,2025-07-26
,2025-07-26
,2025-07-26
,2025-07-26
,2025-07-26
,2025-07-26
,2025-07-26
,2025-07-26
,2025-07-26
,2025-07-26
,2025-07-28
,2025-07-28
,2025-07-28
,2025-07-28
,2025-07-28
,2025-07-28
,2025-07-28
,2025-07-28
,2025-07-28
,2025-07-28
,2025-07-28
,2025-07-28
,2025-07-28
,2025-07-28
,2025-07-28
,2025-07-28
,2025-07-28
,2025-07-28
,2025-07-28
,2025-07-28
,2025-07-28
,2025-07-28
,2025-07-28
,2025-07-28
,2025-07-28
,2025-07-28
,2025-07-28
,2025-07-28
,2025-07-28
,2025-07-28
,2025-07-28
,2025-07-28
,2025-07-28
,2025-07-28
,2025-07-28
,2025-07-28
,2025-07-28
,2025-07-28
,2025-07-28
,2025-07-28
,2025-07-28
,2025-07-28
,2025-07-28
,2025-07-28
,2025-07-28
,2025-07-28
,2025-07-28
,2025-07-28
,2025-07-28
,2025-07-28
,2025-07-28
,2025-07-28
,2025-07-28
,2025-07-28
,2025-07-28
,2025-07-28
,2025-07-28
,2025-07-28
,2025-07-28
,2025-07-28
,2025-07-28
,2025-07-28
,2025-07-28
,2025-07-28
,2025-07-28
,2025-07-28
,2025-07-28
,2025-07-28
,2025-07-28
,2025-07-28
,2025-07-28
,2025-07-28
,2025-07-28
,2025-07-28
,2025-07-28
,2025-07-28
,2025-07-28
,2025-07-28
,2025-07-28
,2025-07-28
,2025-07-28
,2025-07-28
,2025-07-28
,2025-07-28
,2025-07-28
,2025-07-28
,2025-07-28
,2025-07-28
,2025-07-28
,2025-07-28
,2025-07-28
,2025-07-28
,2025-07-28
,2025-07-28
,2025-07-28
,2025-07-28
,2025-07-28
,2025-07-28
,2025-07-28
,2025-07-28
,2025-07-28
,2025-07-28
,2025-07-28
,2025-07-28
,2025-07-28
,2025-07-28
,2025-07-28
,2025-07-28
,2025-07-28
,2025-07-28
,2025-07-28
,2025-07-28
,2025-07-28
,2025-07-28
,2025-07-28
,2025-07-28
,2025-07-28
,2025-07-28
,2025-07-28
,2025-07-28
,2025-07-28
,2025-07-28
,2025-07-28
,2025-07-28
,2025-07-28
,2025-07-28
,2025-07-28
,2025-07-28
,2025-07-28
,2025-07-28
,2025-07-28
,2025-07-28
,2025-07-28
,2025-07-28
,2025-07-28
,2025-07-28
,2025-07-28
,2025-07-28
,2025-07-28
,2025-07-28
,2025-07-28
,2025-07-28
,2025-07-28
"36""",2025-07-28
,2025-07-28
,2025-07-28
,2025-07-28
,2025-07-28
"21""",2025-07-28
,2025-07-28
"57""",2025-07-28
,2025-07-28
,2025-07-28
,2025-07-28
,2025-07-28
,2025-07-28
,2025-07-28
,2025-07-28
,2025-07-28
,2025-07-28
,2025-07-28
,2025-07-28
,2025-07-28
,2025-07-28
,2025-07-28
,2025-07-28
,2025-07-28
,2025-07-28
,2025-07-28
"67""",2025-07-28
,2025-07-28
,2025-07-28
,2025-07-28
,2025-07-28
,2025-07-28
,2025-07-28
,2025-07-28
,2025-07-28
,2025-07-28
,2025-07-28
,2025-07-28
,2025-07-28
,2025-07-28
,2025-07-28
,2025-07-28
,2025-07-28
,2025-07-28
,2025-07-28
,2025-07-28
,2025-07-28
,2025-07-28
,2025-07-28
,2025-07-28
,2025-07-28
,2025-07-28
,2025-07-28
,2025-07-28
,2025-07-28
,2025-07-28
,2025-07-28
,2025-07-28
,2025-07-28
,2025-07-28
,2025-07-28
,2025-07-28
,2025-07-28
,2025-07-28
,2025-07-28
,2025-07-28
,2025-07-28
,2025-07-28
,2025-07-28
,2025-07-28
,2025-07-28
,2025-07-28
,2025-07-28
,2025-07-28
,2025-07-28
,2025-07-28
,2025-07-28
,2025-07-28
,2025-07-28
,2025-07-28
,2025-07-28
,2025-07-28
,2025-07-28
"08""",2025-07-28
,2025-07-28
,2025-07-28
,2025-07-28
,2025-07-28
,2025-07-28
,2025-07-28
,2025-07-29
,2025-07-29
,2025-07-29
,2025-07-29
,2025-07-29
,2025-07-29
,2025-07-29
,2025-07-29
,2025-07-29
,2025-07-29
,2025-07-29
,2025-07-29
,2025-07-29
,2025-07-29
,2025-07-29
,2025-07-29
,2025-07-29
,2025-07-29
,2025-07-29
,2025-07-29
,2025-07-29
,2025-07-29
,2025-07-29
,2025-07-29
,2025-07-29
,2025-07-29
,2025-07-29
,2025-07-29
,2025-07-29
,2025-07-29
,2025-07-29
,2025-07-29
,2025-07-29
,2025-07-29
,2025-07-29
,2025-07-29
,2025-07-29
,2025-07-29
,2025-07-29
,2025-07-29
,2025-07-29
,2025-07-29
,2025-07-29
,2025-07-29
,2025-07-29
,2025-07-29
,2025-07-29
,2025-07-29
,2025-07-29
,2025-07-29
,2025-07-29
,2025-07-29
,2025-07-29
,2025-07-29
,2025-07-29
,2025-07-29
,2025-07-29
,2025-07-29
,2025-07-29
,2025-07-29
,2025-07-29
,2025-07-29
,2025-07-29
,2025-07-29
,2025-07-29
,2025-07-29
,2025-07-29
,2025-07-29
,2025-07-29
,2025-07-29
,2025-07-29
,2025-07-29
,2025-07-29
,2025-07-29
,2025-07-29
,2025-07-29
,2025-07-29
,2025-07-29
,2025-07-29
,2025-07-29
,2025-07-29
,2025-07-29
,2025-07-29
,2025-07-29
,2025-07-29
,2025-07-29
,2025-07-29
,2025-07-29
,2025-07-29
,2025-07-29
,2025-07-29
,2025-07-29
,2025-07-29
,2025-07-29
,2025-07-29
,2025-07-29
,2025-07-29
,2025-07-29
,2025-07-29
,2025-07-29
,2025-07-29
,2025-07-29
,2025-07-29
,2025-07-29
,2025-07-29
,2025-07-29
,2025-07-29
,2025-07-29
,2025-07-29
,2025-07-29
,2025-07-29
,2025-07-29
,2025-07-29
,2025-07-29
,2025-07-29
,2025-07-29
,2025-07-29
,2025-07-29
,2025-07-29
,2025-07-29
,2025-07-29
,2025-07-29
,2025-07-29
,2025-07-29
,2025-07-29
,2025-07-29
,2025-07-29
,2025-07-29
,2025-07-29
,2025-07-29
,2025-07-29
,2025-07-29
,2025-07-29
,2025-07-29
,2025-07-29
,2025-07-29
,2025-07-29
,2025-07-29
,2025-07-29
,2025-07-29
,2025-07-29
,2025-07-29
,2025-07-29
,2025-07-29
,2025-07-29
,2025-07-29
,2025-07-29
,2025-07-29
,2025-07-29
,2025-07-29
,2025-07-29
,2025-07-29
,2025-07-29
,2025-07-29
"01""",2025-07-29
,2025-07-29
,2025-07-29
"92""",2025-07-29
,2025-07-29
,2025-07-29
,2025-07-29
,2025-07-29
,2025-07-29
"74""",2025-07-29
,2025-07-29
,2025-07-29
,2025-07-29
,2025-07-29
,2025-07-29
,2025-07-29
,2025-07-29
"14""",2025-07-29
,2025-07-29
,2025-07-29
,2025-07-29
,2025-07-29
,2025-07-29
,2025-07-29
,2025-07-29
,2025-07-29
,2025-07-29
,2025-07-29
,2025-07-29
,2025-07-29
,2025-07-29
,2025-07-29
,2025-07-29
,2025-07-29
,2025-07-29
,2025-07-29
,2025-07-29
,2025-07-29
,2025-07-29
,2025-07-29
,2025-07-29
,2025-07-29
,2025-07-29
,2025-07-29
,2025-07-29
,2025-07-29
,2025-07-29
,2025-07-29
,2025-07-29
,2025-07-29
,2025-07-29
,2025-07-29
,2025-07-29
,2025-07-29
,2025-07-29
,2025-07-29
,2025-07-29
,2025-07-29
,2025-07-29
,2025-07-29
,2025-07-29
,2025-07-29
,2025-07-29
,2025-07-29
,2025-07-29
,2025-07-29
,2025-07-29
,2025-07-29
,2025-07-29
,2025-07-29
,2025-07-29
,2025-07-29
,2025-07-29
,2025-07-29
,2025-07-29
,2025-07-29
,2025-07-29
,2025-07-29
,2025-07-29
,2025-07-29
,2025-07-29
,2025-07-29
,2025-07-29
,2025-07-29
,2025-07-29
,2025-07-29
,2025-07-29
,2025-07-29
,2025-07-29
,2025-07-31
,2025-07-31
,2025-07-31
,2025-07-31
,2025-07-31
,2025-07-31
,2025-07-31
,2025-07-31
,2025-07-31
,2025-07-31
,2025-07-31
,2025-07-31
,2025-07-31
,2025-07-31
,2025-07-31
,2025-07-31
,2025-07-31
,2025-07-31
,2025-07-31
,2025-07-31
,2025-07-31
,2025-07-31
,2025-07-31
,2025-07-31
,2025-07-31
,2025-07-31
,2025-07-31
,2025-07-31
,2025-07-31
,2025-07-31
,2025-07-31
,2025-07-31
,2025-07-31
,2025-07-31
,2025-07-31
,2025-07-31
,2025-07-31
,2025-07-31
,2025-07-31
,2025-07-31
,2025-07-31
,2025-07-31
,2025-07-31
,2025-07-31
,2025-07-31
,2025-07-31
,2025-07-31
,2025-07-31
,2025-07-31
,2025-07-31
,2025-07-31
,2025-07-31
,2025-07-31
,2025-07-31
,2025-07-31
,2025-07-31
,2025-07-31
,2025-07-31
,2025-07-31
,2025-07-31
,2025-07-31
,2025-07-31
,2025-07-31
,2025-07-31
,2025-07-31
,2025-07-31
,2025-07-31
,2025-07-31
,2025-07-31
,2025-07-31
,2025-07-31
,2025-07-31
,2025-07-31
,2025-07-31
,2025-07-31
,2025-07-31
,2025-07-31
,2025-07-31
,2025-07-31
,2025-07-31
,2025-07-31
,2025-07-31
,2025-07-31
,2025-07-31
,2025-07-31
,2025-07-31
,2025-07-31
,2025-07-31
,2025-07-31
,2025-07-31
,2025-07-31
,2025-07-31
,2025-07-31
,2025-07-31
,2025-07-31
,2025-07-31
,2025-07-31
,2025-07-31
,2025-07-31
,2025-07-31
,2025-07-31
,2025-07-31
,2025-07-31
,2025-07-31
,2025-07-31
,2025-07-31
,2025-07-31
,2025-07-31
,2025-07-31
,2025-07-31
,2025-07-31
,2025-07-31
,2025-07-31
,2025-07-31
,2025-07-31
,2025-07-31
,2025-07-31
,2025-07-31
,2025-07-31
,2025-07-31
,2025-07-31
,2025-07-31
,2025-07-31
,2025-07-31
,2025-07-31
,2025-07-31
,2025-07-31
,2025-07-31
,2025-07-31
,2025-07-31
,2025-07-31
,2025-07-31
,2025-07-31
,2025-07-31
,2025-07-31
,2025-07-31
,2025-07-31
,2025-07-31
,2025-07-31
,2025-07-31
,2025-07-31
,2025-07-31
,2025-07-31
,2025-07-31
,2025-07-31
,2025-07-31
,2025-07-31
,2025-07-31
,2025-07-31
,2025-07-31
"61""",2025-07-31
,2025-07-31
,2025-07-31
,2025-07-31
"58""",2025-07-31
,2025-07-31
,2025-07-31
,2025-07-31
"05""",2025-07-31
"30""",2025-07-31
,2025-07-31
,2025-07-31
,2025-07-31
,2025-07-31
,2025-07-31
,2025-07-31
,2025-07-31
,2025-07-31
,2025-07-31
,2025-07-31
,2025-07-31
,2025-07-31
,2025-07-31
,2025-07-31
,2025-07-31
,2025-07-31
,2025-07-31
,2025-07-31
,2025-07-31
,2025-07-31
,2025-07-31
,2025-07-31
,2025-07-31
,2025-07-31
,2025-07-31
,2025-07-31
,2025-07-31
,2025-07-31
,2025-07-31
,2025-07-31
,2025-07-31
,2025-07-31
,2025-07-31
,2025-07-31
,2025-07-31
,2025-07-31
,2025-07-31
,2025-07-31
,2025-07-31
,2025-07-31
,2025-07-31
,2025-07-31
,2025-07-31
,2025-07-31
,2025-07-31
,2025-07-31
,2025-07-31
,2025-07-31
,2025-07-31
,2025-07-31
,2025-07-31
,2025-07-31
,2025-07-31
,2025-07-31
,2025-07-31
,2025-07-31
,2025-07-31
,2025-07-31
,2025-07-31
,2025-07-31
,2025-07-31
,2025-07-31
,2025-07-31
,2025-07-31
,2025-07-31
,2025-07-31
,2025-07-31
,2025-07-31
,2025-07-31
,2025-07-31
,2025-07-31
,2025-07-31
,2025-07-31
,2025-07-31
,2025-07-31
,2025-07-31
,2025-07-31
